rally,ball_round,time,start_frame,end_frame,roundscore_AB,roundscore_CD,player,server,ball_type,backhand,hit_height,hit_x,hit_y,return_height,return_x,return_y,player_A_x,player_A_y,player_B_x,player_B_y,player_C_x,player_C_y,player_D_x,player_D_y,lose_reason,fault_player,score_reason,score_team,flaw,db
1,1,00:31:22,56426,56442,1,0,B,1,發短球,1,2,0,0,2,753,494,684,357,654,388,718,565,833,529,,,,,0,1
1,2,00:31:23,56442,56452,1,0,D,2,小平球,1,2,753,494,1,852,412,696,361,681,398,732,572,808,523,,,,,0,1
1,3,00:31:23,56452,56465,1,0,B,2,小平球,0,1,852,412,1,975,502,712,352,716,407,742,585,760,497,,,,,0,1
1,4,00:31:24,56465,56486,1,0,D,3,小平球,0,1,975,502,2,935,457,796,355,791,404,830,584,824,500,掛網,D,對手掛網,AB,0,1
2,1,00:31:35,56813,56830,1,1,B,1,發短球,1,2,0,0,2,608,482,664,358,697,390,619,533,770,556,,,,,0,1
2,2,00:31:36,56830,56851,1,1,C,2,放小球,1,2,608,482,2,491,431,657,349,684,394,616,500,782,550,,,,,0,1
2,3,00:31:36,56851,56912,1,1,B,2,挑球,1,2,491,431,1,767,662,646,357,573,407,651,496,789,575,,,,,0,1
2,4,00:31:38,56912,56924,1,1,D,2,殺球,0,1,767,662,2,467,356,763,349,535,353,703,568,748,664,,,,,0,1
2,5,00:31:39,56924,56950,1,1,B,3,防守回抽,1,2,467,356,2,381,426,749,348,526,342,704,548,739,646,掛網,B,對手掛網,CD,0,1
3,1,00:31:55,57418,57436,2,1,C,1,發短球,1,2,0,0,2,768,436,665,372,753,392,700,561,664,520,,,,,0,1
3,2,00:31:56,57436,57461,2,1,B,3,放小球,1,2,768,436,2,944,459,674,374,772,404,742,569,706,508,對手落地致勝,D,落地致勝,AB,0,1
4,1,00:32:08,57806,57825,2,2,A,1,發短球,1,2,0,0,2,755,487,662,375,649,398,750,562,856,531,,,,,0,1
4,2,00:32:09,57825,57847,2,2,D,2,放小球,1,2,755,487,2,726,435,701,361,693,395,755,566,835,497,,,,,0,1
4,3,00:32:10,57847,57865,2,2,B,3,放小球,0,2,726,435,2,866,428,688,355,670,400,720,584,724,500,未過網,B,對手未過網,CD,0,1
5,1,00:32:25,58297,58315,2,3,D,1,發短球,1,2,0,0,2,668,427,594,388,719,385,695,590,727,529,,,,,0,1
5,2,00:32:25,58315,58329,2,3,A,2,放小球,1,2,668,427,2,640,483,604,398,733,386,690,602,688,523,,,,,0,1
5,3,00:32:26,58329,58341,2,3,D,2,推撲球,1,2,640,483,1,834,370,622,411,740,374,740,578,675,508,,,,,0,1
5,4,00:32:26,58341,58350,2,3,B,2,平球,0,1,834,370,1,662,513,670,410,745,368,747,572,676,506,,,,,0,1
5,5,00:32:26,58350,58366,2,3,D,2,小平球,0,1,662,513,2,758,380,660,394,777,370,767,578,659,526,,,,,0,1
5,6,00:32:27,58366,58382,2,3,B,2,小平球,1,2,758,380,1,885,500,625,374,799,364,772,594,676,526,,,,,0,1
5,7,00:32:28,58382,58394,2,3,D,2,小平球,0,1,885,500,1,746,362,650,360,794,363,769,603,812,530,,,,,0,1
5,8,00:32:28,58394,58409,2,3,A,2,平球,1,1,746,362,1,664,542,717,352,770,390,783,590,850,513,,,,,0,1
5,9,00:32:28,58409,58421,2,3,C,2,平球,0,1,664,542,2,814,351,678,346,742,399,725,582,749,513,,,,,0,1
5,10,00:32:29,58421,58440,2,3,A,2,平球,1,2,814,351,1,910,508,684,344,703,387,700,590,747,513,,,,,0,1
5,11,00:32:29,58440,58467,2,3,D,2,擋小球,0,1,910,508,2,878,433,802,350,642,382,855,599,916,520,,,,,0,1
5,12,00:32:30,58467,58517,2,3,B,2,挑球,0,2,878,433,1,878,668,796,358,733,404,892,614,916,526,,,,,0,1
5,13,00:32:32,58517,58528,2,3,C,2,殺球,0,1,878,668,2,816,360,691,354,872,357,884,677,746,554,,,,,0,1
5,14,00:32:32,58528,58551,2,3,A,2,防守回抽,1,2,816,360,2,1027,607,694,361,898,344,871,698,745,545,,,,,0,1
5,15,00:32:33,58551,58566,2,3,C,2,平球,1,2,1027,607,1,836,358,722,365,855,344,937,633,789,558,,,,,0,1
5,16,00:32:34,58566,58587,2,3,B,3,平球,0,1,836,358,2,590,449,698,374,818,353,913,598,668,566,掛網,B,對手掛網,CD,0,1
6,1,00:32:58,59306,59323,3,3,D,1,發短球,1,2,0,0,2,729,436,665,367,754,386,766,586,681,531,,,,,0,1
6,2,00:32:59,59323,59345,3,3,B,2,挑球,1,2,729,436,1,447,548,674,367,726,410,740,578,719,521,,,,,0,1
6,3,00:33:00,59345,59362,3,3,C,3,殺球,0,1,447,548,2,602,458,650,349,662,408,628,570,594,488,掛網,C,對手掛網,AB,0,1
7,1,00:33:15,59818,59832,4,3,B,1,發短球,1,2,0,0,2,675,490,673,364,703,398,722,560,580,540,,,,,0,1
7,2,00:33:16,59832,59847,4,3,D,2,小平球,0,2,675,490,2,525,382,666,352,682,391,729,568,568,524,,,,,0,1
7,3,00:33:16,59847,59861,4,3,A,2,平球,0,2,525,382,1,860,557,614,362,674,392,716,559,608,488,,,,,0,1
7,4,00:33:17,59861,59874,4,3,C,2,平球,1,1,860,557,1,771,348,596,358,687,396,730,574,554,506,,,,,0,1
7,5,00:33:17,59874,59889,4,3,A,2,擋小球,1,1,771,348,2,914,514,704,355,746,387,833,570,566,510,,,,,0,1
7,6,00:33:18,59889,59905,4,3,C,2,平球,1,2,914,514,1,538,358,742,349,739,388,896,548,635,520,,,,,0,1
7,7,00:33:18,59905,59924,4,3,A,2,擋小球,0,1,538,358,2,609,478,686,349,670,394,912,542,575,529,,,,,0,1
7,8,00:33:19,59924,59945,4,3,D,2,小平球,0,2,609,478,2,452,391,625,350,656,392,776,584,570,530,,,,,0,1
7,9,00:33:20,59945,59966,4,3,A,2,平球,0,2,452,391,1,388,578,544,365,584,405,730,580,503,538,,,,,0,1
7,10,00:33:20,59966,59986,4,3,C,2,擋小球,0,1,388,578,2,428,429,556,347,668,392,633,590,508,521,,,,,0,1
7,11,00:33:21,59986,60012,4,3,B,2,勾球,1,2,428,429,2,891,476,566,351,523,405,512,618,600,518,,,,,0,1
7,12,00:33:22,60012,60058,4,3,D,2,挑球,0,2,891,476,1,484,328,682,347,566,391,803,584,723,494,,,,,0,1
7,13,00:33:23,60058,60070,4,3,A,2,殺球,0,1,484,328,2,539,586,501,320,651,374,573,611,832,587,,,,,0,1
7,14,00:33:24,60070,60085,4,3,C,2,防守回抽,1,2,539,586,1,804,381,483,326,678,369,536,602,851,584,,,,,0,1
7,15,00:33:24,60085,60096,4,3,B,2,殺球,0,1,804,381,2,729,573,562,337,730,368,503,605,833,574,,,,,0,1
7,16,00:33:25,60096,60110,4,3,C,2,防守回挑,1,2,729,573,1,748,388,658,346,736,374,647,596,800,552,,,,,0,1
7,17,00:33:25,60110,60130,4,3,B,3,擋小球,0,1,748,388,2,424,532,666,350,744,388,720,604,872,545,對手落地致勝,C,落地致勝,AB,0,1
8,1,00:33:45,60696,60712,4,4,B,1,發短球,1,2,0,0,2,794,483,688,356,654,394,858,532,616,550,,,,,0,1
8,2,00:33:45,60712,60731,4,4,C,2,放小球,1,2,794,483,2,685,423,683,352,682,400,830,504,625,552,,,,,0,1
8,3,00:33:46,60731,60775,4,4,B,2,挑球,1,2,685,423,1,1043,671,664,355,671,401,774,500,616,582,,,,,0,1
8,4,00:33:47,60775,60787,4,4,D,2,殺球,0,1,1043,671,2,758,366,802,364,581,358,855,568,1005,670,,,,,0,1
8,5,00:33:48,60787,60813,4,4,A,2,擋小球,1,2,758,366,2,522,478,770,353,574,363,1061,674,863,568,,,,,0,1
8,6,00:33:49,60813,60833,4,4,C,2,平球,0,2,522,478,1,520,376,664,343,616,389,614,527,803,639,,,,,0,1
8,7,00:33:49,60833,60844,4,4,A,2,平球,0,1,520,376,1,719,556,544,364,600,411,558,528,782,606,,,,,0,1
8,8,00:33:50,60844,60861,4,4,D,2,平球,1,1,719,556,1,740,362,513,371,680,404,562,532,791,568,,,,,0,1
8,9,00:33:50,60861,60877,4,4,A,2,擋小球,1,1,740,362,2,855,496,625,367,748,398,561,567,820,566,,,,,0,1
8,10,00:33:51,60877,60886,4,4,D,2,小平球,0,2,855,496,1,725,406,741,358,720,388,702,565,851,534,,,,,0,1
8,11,00:33:51,60886,60905,4,4,B,2,小平球,0,1,725,406,2,912,559,727,339,677,388,729,581,808,513,,,,,0,1
8,12,00:33:52,60905,60926,4,4,C,3,小平球,1,2,912,559,2,763,354,740,344,711,391,790,574,675,499,對手落地致勝,A,落地致勝,CD,0,1
9,1,00:34:14,61580,61596,4,5,C,1,發短球,1,2,0,0,1,620,424,698,361,535,385,738,554,625,525,,,,,0,1
9,2,00:34:15,61596,61616,4,5,B,2,放小球,0,1,620,424,2,436,523,680,362,565,388,724,578,643,520,,,,,0,1
9,3,00:34:15,61616,61625,4,5,C,2,推撲球,0,2,436,523,1,430,411,638,352,548,401,587,557,692,500,,,,,0,1
9,4,00:34:16,61625,61657,4,5,B,3,擋小球,0,1,430,411,2,274,552,638,357,513,405,538,556,737,522,出界,B,對手出界,CD,0,1
10,1,00:34:32,62126,62143,5,5,C,1,發短球,1,2,0,0,2,735,424,785,391,579,385,696,568,668,522,,,,,0,1
10,2,00:34:33,62143,62153,5,5,A,2,小平球,0,2,735,424,1,895,488,811,407,607,389,750,557,692,506,,,,,0,1
10,3,00:34:33,62153,62162,5,5,D,2,小平球,0,1,895,488,1,889,406,833,411,584,374,814,583,771,508,,,,,0,1
10,4,00:34:34,62162,62173,5,5,A,2,小平球,0,1,889,406,1,843,490,829,393,571,374,876,576,819,494,,,,,0,1
10,5,00:34:34,62173,62192,5,5,C,2,擋小球,1,1,843,490,2,646,394,846,373,590,359,885,584,831,504,,,,,0,1
10,6,00:34:35,62192,62214,5,5,B,2,放小球,0,2,646,394,2,405,515,827,368,569,370,794,585,765,509,,,,,0,1
10,7,00:34:35,62214,62227,5,5,C,2,平球,0,2,405,515,1,460,364,733,358,536,363,592,576,790,521,,,,,0,1
10,8,00:34:36,62227,62238,5,5,B,2,平球,0,1,460,364,1,682,522,693,350,480,359,559,562,771,531,,,,,0,1
10,9,00:34:36,62238,62252,5,5,D,2,擋小球,1,1,682,522,2,580,388,691,346,484,359,577,565,798,553,,,,,0,1
10,10,00:34:37,62252,62273,5,5,B,2,放小球,0,2,580,388,2,409,478,691,349,512,369,623,561,794,576,,,,,0,1
10,11,00:34:37,62273,62288,5,5,C,2,放小球,0,2,409,478,2,394,434,639,346,542,394,534,503,758,530,,,,,0,1
10,12,00:34:38,62288,62313,5,5,B,3,勾球,1,2,394,434,2,841,461,570,345,495,402,529,508,752,557,對手落地致勝,C,落地致勝,AB,0,1
11,1,00:34:56,62826,62845,5,6,A,1,發短球,1,2,0,0,2,461,472,704,372,622,396,602,522,785,560,,,,,0,1
11,2,00:34:56,62845,62866,5,6,C,2,小平球,0,2,461,472,2,470,378,673,347,628,401,602,496,784,560,,,,,0,1
11,3,00:34:57,62866,62884,5,6,A,2,小平球,0,2,470,378,1,435,479,564,359,679,396,536,532,801,581,,,,,0,1
11,4,00:34:58,62884,62894,5,6,C,2,推撲球,0,1,435,479,2,583,360,583,343,676,385,568,506,794,555,,,,,0,1
11,5,00:34:58,62894,62923,5,6,A,2,防守回挑,0,2,583,360,1,487,593,633,356,674,388,534,486,757,569,,,,,0,1
11,6,00:34:59,62923,62936,5,6,D,2,殺球,0,1,487,593,2,605,358,603,360,779,378,644,529,538,617,,,,,0,1
11,7,00:34:59,62936,62948,5,6,A,2,防守回抽,1,2,605,358,1,508,521,583,351,791,364,667,540,477,640,,,,,0,1
11,8,00:35:00,62948,62957,5,6,C,2,平球,0,1,508,521,2,499,368,553,352,784,364,627,545,433,638,,,,,0,1
11,9,00:35:00,62957,62974,5,6,A,2,擋小球,0,2,499,368,1,808,486,563,349,784,358,568,522,479,604,,,,,0,1
11,10,00:35:01,62974,62985,5,6,C,2,推撲球,1,1,808,486,2,565,354,624,340,776,361,712,511,584,629,,,,,0,1
11,11,00:35:01,62985,63001,5,6,A,2,擋小球,0,2,565,354,1,781,507,659,344,796,352,819,520,669,604,,,,,0,1
11,12,00:35:02,63001,63010,5,6,C,3,殺球,0,1,781,507,2,530,362,655,346,790,353,838,520,598,592,對手落地致勝,A,落地致勝,CD,0,1
12,1,00:35:24,63660,63690,5,7,D,1,發長球,1,2,0,0,1,500,355,682,365,530,384,708,578,722,532,,,,,0,1
12,2,00:35:25,63690,63703,5,7,B,2,殺球,0,1,500,355,2,610,559,651,370,502,356,593,584,795,562,,,,,0,1
12,3,00:35:25,63703,63723,5,7,C,2,防守回抽,1,2,610,559,1,448,339,638,376,508,332,583,583,829,572,,,,,0,1
12,4,00:35:26,63723,63741,5,7,B,2,過度切球,1,1,448,339,1,770,482,670,370,471,328,577,574,820,559,,,,,0,1
12,5,00:35:26,63741,63753,5,7,D,3,推撲球,0,1,770,482,2,722,340,692,361,478,338,686,580,729,515,對手落地致勝,B,落地致勝,CD,0,1
13,1,00:35:46,64345,64360,5,8,D,1,發短球,1,2,0,0,1,712,430,791,388,588,380,773,581,685,530,,,,,0,1
13,2,00:35:47,64360,64371,5,8,A,2,推撲球,0,1,712,430,1,593,570,779,404,596,390,764,584,674,523,,,,,0,1
13,3,00:35:47,64371,64384,5,8,C,2,平球,0,1,593,570,1,557,383,766,392,574,383,736,580,629,532,,,,,0,1
13,4,00:35:48,64384,64395,5,8,B,2,平球,0,1,557,383,1,735,582,734,386,574,380,680,602,626,524,,,,,0,1
13,5,00:35:48,64395,64412,5,8,C,2,平球,1,1,735,582,1,708,389,730,374,562,379,709,591,703,527,,,,,0,1
13,6,00:35:49,64412,64435,5,8,B,3,擋小球,0,1,708,389,2,805,443,742,364,560,377,753,605,663,536,掛網,B,對手掛網,CD,0,1
14,1,00:36:21,65392,65423,6,8,D,1,發長球,1,2,0,0,0,522,351,677,359,536,382,713,572,719,528,,,,,0,1
15,1,00:36:50,66234,66250,6,9,B,1,發短球,1,2,0,0,2,723,494,692,358,651,391,728,568,817,537,,,,,0,1
15,2,00:36:50,66250,66261,6,9,D,2,小平球,1,2,723,494,1,830,413,698,358,679,386,735,570,809,526,,,,,0,1
15,3,00:36:50,66261,66274,6,9,B,2,小平球,0,1,830,413,1,885,481,714,362,718,410,747,572,778,500,,,,,0,1
15,4,00:36:51,66274,66286,6,9,D,2,小平球,0,1,885,481,2,867,356,782,346,738,403,810,576,808,489,,,,,0,1
15,5,00:36:51,66286,66300,6,9,A,2,平球,1,2,867,356,1,1013,568,782,359,743,400,837,558,815,493,,,,,0,1
15,6,00:36:52,66300,66333,6,9,C,3,擋小球,1,1,1013,568,2,932,446,774,356,715,404,848,566,752,509,對手落地致勝,B,落地致勝,CD,0,1
16,1,00:37:06,66716,66741,6,10,C,1,發短球,1,2,0,0,2,716,398,784,392,588,381,699,567,664,527,,,,,0,1
16,2,00:37:06,66741,66778,6,10,A,2,挑球,0,2,716,398,1,956,624,778,396,594,382,776,584,728,504,,,,,0,1
16,3,00:37:08,66778,66789,6,10,C,2,殺球,0,1,956,624,2,845,340,794,345,564,359,943,640,760,554,,,,,0,1
16,4,00:37:08,66789,66822,6,10,A,3,擋小球,0,2,845,340,2,847,446,772,343,562,347,976,670,786,572,掛網,A,對手掛網,CD,0,1
17,1,00:37:20,67161,67194,7,10,C,3,發短球,1,2,0,0,2,639,429,679,365,534,380,742,557,640,518,出界,C,對手出界,AB,0,1
18,1,00:37:36,67614,67645,7,11,A,3,發長球,1,2,0,0,2,435,596,708,371,626,392,722,562,575,534,犯規,A,對手犯規,CD,0,1
19,1,00:39:12,70493,70506,8,11,D,1,發短球,1,2,0,0,1,514,502,574,524,811,538,660,352,697,386,,,,,0,1
19,2,00:39:12,70506,70518,8,11,A,2,小平球,0,1,514,502,2,628,358,566,524,832,531,646,353,708,386,,,,,0,1
19,3,00:39:12,70518,70529,8,11,C,2,平球,1,2,628,358,1,604,530,588,521,805,534,650,355,721,391,,,,,0,1
19,4,00:39:13,70529,70540,8,11,A,2,殺球,0,1,604,530,2,812,389,561,545,837,554,646,355,752,387,,,,,0,1
19,5,00:39:13,70540,70559,8,11,D,3,擋小球,0,2,812,389,2,1102,394,602,560,851,562,634,352,796,376,未過網,D,對手未過網,AB,0,1
20,1,00:39:30,71048,71063,9,11,B,1,發短球,1,2,0,0,2,657,427,712,580,729,524,549,387,733,380,,,,,0,1
20,2,00:39:31,71063,71078,9,11,C,2,平球,0,2,657,427,1,976,566,712,596,704,500,566,399,746,386,,,,,0,1
20,3,00:39:31,71078,71094,9,11,A,2,擋小球,0,1,976,566,2,910,419,767,580,713,508,575,391,796,388,,,,,0,1
20,4,00:39:32,71094,71112,9,11,D,2,小平球,1,2,910,419,1,864,516,875,584,711,512,652,380,848,396,,,,,0,1
20,5,00:39:32,71112,71127,9,11,A,2,平球,0,1,864,516,2,908,346,807,562,713,532,683,357,762,399,,,,,0,1
20,6,00:39:33,71127,71147,9,11,C,3,擋小球,0,2,908,346,2,1202,306,849,588,728,524,699,352,712,406,未過網,C,對手未過網,AB,0,1
21,1,00:39:51,71678,71693,10,11,B,1,發短球,1,2,0,0,2,712,399,731,579,690,532,679,369,794,386,,,,,0,1
21,2,00:39:52,71693,71710,10,11,D,2,小平球,0,2,712,399,1,846,523,730,579,682,512,668,364,786,388,,,,,0,1
21,3,00:39:52,71710,71725,10,11,A,2,平球,0,1,846,523,1,527,360,748,566,719,491,680,364,747,400,,,,,0,1
21,4,00:39:53,71725,71740,10,11,C,2,平球,1,1,527,360,1,937,584,711,586,713,494,619,370,663,434,,,,,0,1
21,5,00:39:53,71740,71762,10,11,A,2,平球,0,1,937,584,2,874,348,706,589,659,504,539,370,685,396,,,,,0,1
21,6,00:39:54,71762,71776,10,11,C,2,平球,1,2,874,348,1,1040,541,924,582,635,548,728,350,847,396,,,,,0,1
21,7,00:39:54,71776,71800,10,11,A,3,平球,0,1,1040,541,2,451,341,970,565,633,550,827,348,759,388,對手落地致勝,C,落地致勝,AB,0,1
22,1,00:40:08,72183,72198,10,12,B,1,發短球,1,2,0,0,2,686,430,716,578,728,518,554,381,728,382,,,,,0,1
22,2,00:40:09,72198,72218,10,12,C,2,放小球,0,2,686,430,2,715,477,706,598,706,518,568,400,739,394,,,,,0,1
22,3,00:40:09,72218,72248,10,12,B,2,挑球,0,2,715,477,1,505,340,731,592,763,503,684,392,730,358,,,,,0,1
22,4,00:40:10,72248,72259,10,12,D,2,殺球,0,1,505,340,2,922,539,652,594,924,566,629,386,579,343,,,,,0,1
22,5,00:40:11,72259,72271,10,12,B,2,平球,0,2,922,539,1,815,368,669,602,982,587,646,373,527,351,,,,,0,1
22,6,00:40:11,72271,72283,10,12,C,2,平球,0,1,815,368,1,1000,552,688,590,1010,594,691,369,515,350,,,,,0,1
22,7,00:40:11,72283,72299,10,12,B,2,平球,0,1,1000,552,1,643,372,748,596,994,567,745,376,549,364,,,,,0,1
22,8,00:40:12,72299,72307,10,12,C,2,平球,1,1,643,372,1,874,514,755,620,949,562,722,379,574,376,,,,,0,1
22,9,00:40:12,72307,72318,10,12,B,2,平球,0,1,874,514,1,669,392,736,608,879,530,695,388,561,376,,,,,0,1
22,10,00:40:13,72318,72330,10,12,C,2,平球,1,1,669,392,1,738,574,818,597,794,524,698,382,556,382,,,,,0,1
22,11,00:40:13,72330,72349,10,12,A,2,擋小球,1,1,738,574,2,749,406,766,600,718,519,718,372,541,376,,,,,0,1
22,12,00:40:14,72349,72368,10,12,C,2,平球,0,2,749,406,1,930,568,733,610,688,505,718,383,519,396,,,,,0,1
22,13,00:40:14,72368,72380,10,12,A,2,平球,0,1,930,568,1,677,364,812,592,688,514,711,365,526,386,,,,,0,1
22,14,00:40:15,72380,72394,10,12,C,2,平球,1,1,677,364,2,898,556,829,594,686,509,694,362,528,374,,,,,0,1
22,15,00:40:15,72394,72407,10,12,A,2,平球,0,2,898,556,1,868,396,779,590,618,525,683,363,539,371,,,,,0,1
22,16,00:40:15,72407,72422,10,12,C,3,推撲球,0,1,868,396,2,616,648,795,591,646,523,730,378,534,382,對手落地致勝,A,落地致勝,CD,0,1
23,1,00:40:35,73006,73021,10,13,C,1,發短球,1,2,0,0,2,792,484,700,567,870,542,656,371,760,395,,,,,0,1
23,2,00:40:36,73021,73036,10,13,B,2,小平球,0,2,792,484,1,873,369,710,560,844,520,660,363,750,393,,,,,0,1
23,3,00:40:36,73036,73060,10,13,C,2,小平球,0,1,873,369,2,440,550,755,574,795,494,754,357,698,404,,,,,0,1
23,4,00:40:37,73060,73075,10,13,A,2,平球,1,2,440,550,1,470,370,613,573,863,523,680,355,590,378,,,,,0,1
23,5,00:40:38,73075,73095,10,13,D,2,擋小球,0,1,470,370,2,371,518,495,567,872,547,662,355,538,353,,,,,0,1
23,6,00:40:38,73095,73127,10,13,A,2,挑球,1,2,371,518,1,484,327,510,553,829,557,650,354,535,370,,,,,0,1
23,7,00:40:40,73127,73138,10,13,C,2,殺球,0,1,484,327,2,602,554,520,578,843,574,488,325,603,374,,,,,0,1
23,8,00:40:40,73138,73171,10,13,A,3,擋小球,1,2,602,554,2,910,459,562,575,847,584,452,314,626,368,掛網,A,對手掛網,CD,0,1
24,1,00:40:59,73709,73725,11,13,C,1,發短球,1,2,0,0,2,660,483,578,521,792,538,688,372,596,390,,,,,0,1
24,2,00:40:59,73725,73736,11,13,A,2,平球,0,2,660,483,1,492,376,568,494,807,542,668,363,596,388,,,,,0,1
24,3,00:41:00,73736,73744,11,13,D,2,平球,0,1,492,376,2,578,502,574,500,786,537,659,359,566,384,,,,,0,1
24,4,00:41:00,73744,73755,11,13,A,2,平球,0,2,578,502,1,616,370,567,508,816,545,650,355,560,386,,,,,0,1
24,5,00:41:00,73755,73771,11,13,C,2,擋小球,1,1,616,370,2,814,486,504,531,839,563,643,359,569,376,,,,,0,1
24,6,00:41:01,73771,73792,11,13,B,2,放小球,0,2,814,486,2,944,409,511,553,853,538,671,345,579,385,,,,,0,1
24,7,00:41:02,73792,73822,11,13,C,2,挑球,0,2,944,409,1,1109,638,706,595,905,533,830,376,673,398,,,,,0,1
24,8,00:41:03,73822,73835,11,13,A,2,殺球,0,1,1109,638,2,520,364,944,626,844,538,796,356,625,356,,,,,0,1
24,9,00:41:03,73835,73850,11,13,D,2,平球,0,2,520,364,1,531,520,1099,644,732,526,788,352,627,356,,,,,0,1
24,10,00:41:04,73850,73860,11,13,B,2,平球,0,1,531,520,2,727,360,1004,633,605,548,719,352,546,365,,,,,0,1
24,11,00:41:04,73860,73881,11,13,C,2,平球,0,2,727,360,1,932,533,901,605,562,552,668,349,479,351,,,,,0,1
24,12,00:41:05,73881,73894,11,13,A,2,平球,0,1,932,533,1,633,352,838,575,614,546,710,360,524,353,,,,,0,1
24,13,00:41:05,73894,73915,11,13,D,2,擋小球,1,1,633,352,2,890,508,844,558,608,532,751,371,570,357,,,,,0,1
24,14,00:41:06,73915,73944,11,13,A,2,放小球,0,2,890,508,2,948,417,831,549,635,546,718,360,586,377,,,,,0,1
24,15,00:41:07,73944,73997,11,13,C,2,挑球,0,2,948,417,1,1156,660,790,592,758,518,836,386,735,412,,,,,0,1
24,16,00:41:09,73997,74023,11,13,A,3,切球,0,1,1156,660,2,382,394,1145,660,761,568,686,356,900,362,對手落地致勝,C,落地致勝,AB,0,1
25,1,00:41:46,75120,75134,11,14,A,1,發短球,1,2,0,0,1,706,430,688,556,788,511,754,387,606,371,,,,,0,1
25,2,00:41:46,75134,75152,11,14,C,2,小平球,1,1,706,430,2,955,530,700,573,769,512,743,409,602,368,,,,,0,1
25,3,00:41:47,75152,75190,11,14,A,2,挑球,0,2,955,530,1,496,320,832,570,677,507,782,391,601,368,,,,,0,1
25,4,00:41:48,75190,75213,11,14,D,2,切球,0,1,496,320,2,655,511,753,562,524,578,626,364,515,320,,,,,0,1
25,5,00:41:49,75213,75247,11,14,A,2,挑球,1,2,655,511,1,406,322,710,554,544,568,678,376,582,328,,,,,0,1
25,6,00:41:50,75247,75261,11,14,D,2,殺球,0,1,406,322,2,554,535,730,562,516,586,672,358,482,327,,,,,0,1
25,7,00:41:51,75261,75283,11,14,B,2,擋小球,1,2,554,535,2,405,416,728,581,513,585,632,374,418,333,,,,,0,1
25,8,00:41:51,75283,75304,11,14,C,2,勾球,1,2,405,416,1,805,514,661,595,554,516,506,393,531,338,,,,,0,1
25,9,00:41:52,75304,75314,11,14,A,2,小平球,0,1,805,514,1,620,369,758,561,584,524,505,389,675,348,,,,,0,1
25,10,00:41:52,75314,75335,11,14,C,2,擋小球,0,1,620,369,2,913,500,779,559,597,520,525,381,742,357,,,,,0,1
25,11,00:41:53,75335,75367,11,14,A,2,挑球,0,2,913,500,1,828,332,844,544,558,538,604,375,794,370,,,,,0,1
25,12,00:41:54,75367,75380,11,14,D,2,殺球,0,1,828,332,2,754,538,870,577,567,564,674,356,809,325,,,,,0,1
25,13,00:41:55,75380,75391,11,14,A,2,平球,1,2,754,538,1,836,364,856,577,567,583,686,368,797,326,,,,,0,1
25,14,00:41:55,75391,75417,11,14,C,2,擋小球,0,1,836,364,2,945,503,816,560,560,586,739,368,827,327,,,,,0,1
25,15,00:41:56,75417,75454,11,14,A,2,挑球,0,2,945,503,1,890,329,888,544,602,564,734,379,754,334,,,,,0,1
25,16,00:41:57,75454,75471,11,14,D,2,切球,0,1,890,329,2,893,519,880,586,590,583,725,361,886,322,,,,,0,1
25,17,00:41:58,75471,75498,11,14,A,2,挑球,0,2,893,519,1,491,335,812,562,592,576,690,371,896,328,,,,,0,1
25,18,00:41:59,75498,75508,11,14,C,2,殺球,0,1,491,335,2,586,578,735,596,503,596,594,333,826,350,,,,,0,1
25,19,00:41:59,75508,75527,11,14,A,2,擋小球,1,2,586,578,2,542,389,722,599,444,618,544,328,754,362,,,,,0,1
25,20,00:42:00,75527,75546,11,14,D,2,放小球,0,2,542,389,2,479,492,670,576,464,599,484,325,645,374,,,,,0,1
25,21,00:42:00,75546,75557,11,14,A,2,平球,1,2,479,492,1,442,382,542,522,535,611,587,337,574,392,,,,,0,1
25,22,00:42:01,75557,75570,11,14,D,2,平球,0,1,442,382,1,540,500,513,525,665,604,619,341,539,386,,,,,0,1
25,23,00:42:01,75570,75590,11,14,A,2,小平球,0,1,540,500,2,769,366,470,538,780,558,573,350,514,376,,,,,0,1
25,24,00:42:02,75590,75623,11,14,C,2,平球,0,2,769,366,2,375,560,577,574,787,511,675,368,592,388,,,,,0,1
25,25,00:42:03,75623,75663,11,14,A,2,挑球,1,2,375,560,1,566,330,571,589,709,508,669,346,536,375,,,,,0,1
25,26,00:42:04,75663,75678,11,14,C,3,殺球,0,1,566,330,2,550,572,538,600,908,584,550,321,617,375,對手落地致勝,A,落地致勝,CD,0,1
26,1,00:42:37,76646,76661,11,15,D,1,發短球,1,2,0,0,2,759,476,712,566,880,538,680,358,665,385,,,,,0,1
26,2,00:42:37,76661,76671,11,15,B,2,小平球,0,2,759,476,1,727,370,720,557,857,506,681,346,692,392,,,,,0,1
26,3,00:42:38,76671,76690,11,15,C,2,平球,1,1,727,370,1,1024,567,736,576,810,498,698,359,704,397,,,,,0,1
26,4,00:42:38,76690,76712,11,15,A,2,擋小球,0,1,1024,567,2,995,435,803,572,854,506,725,359,712,394,,,,,0,1
26,5,00:42:39,76712,76734,11,15,D,2,勾球,1,2,995,435,1,595,516,944,573,860,508,743,357,883,395,,,,,0,1
26,6,00:42:40,76734,76744,11,15,A,2,平球,1,1,595,516,1,755,388,681,575,836,502,691,359,891,392,,,,,0,1
26,7,00:42:40,76744,76767,11,15,D,2,擋小球,0,1,755,388,2,356,529,606,568,804,508,680,352,864,390,,,,,0,1
26,8,00:42:41,76767,76798,11,15,A,2,挑球,1,2,356,529,1,576,338,494,559,863,514,689,345,700,391,,,,,0,1
26,9,00:42:42,76798,76818,11,15,C,3,殺球,0,1,576,338,2,571,598,497,599,859,592,559,330,643,397,對手落地致勝,A,落地致勝,CD,0,1
27,1,00:43:15,77797,77812,12,15,D,1,發短球,1,2,0,0,2,676,475,568,532,801,536,662,359,701,393,,,,,0,1
27,2,00:43:16,77812,77825,12,15,A,2,小平球,0,2,676,475,1,686,358,586,508,815,541,651,352,686,398,,,,,0,1
27,3,00:43:16,77825,77836,12,15,C,2,平球,1,1,686,358,1,871,525,562,512,812,536,680,353,626,387,,,,,0,1
27,4,00:43:17,77836,77847,12,15,B,2,小平球,0,1,871,525,1,664,393,566,515,890,562,695,348,628,379,,,,,0,1
27,5,00:43:17,77847,77859,12,15,D,2,小平球,0,1,664,393,2,774,505,578,532,898,560,686,354,645,389,,,,,0,1
27,6,00:43:17,77859,77876,12,15,B,2,小平球,0,2,774,505,2,866,376,601,562,888,548,668,354,651,384,,,,,0,1
27,7,00:43:18,77876,77891,12,15,C,2,勾球,0,2,866,376,1,551,489,724,587,854,514,759,361,662,389,,,,,0,1
27,8,00:43:18,77891,77912,12,15,B,3,小平球,0,1,551,489,2,665,346,712,597,727,509,745,356,650,377,對手落地致勝,D,落地致勝,AB,0,1
28,1,00:43:42,78592,78605,13,15,B,1,發短球,1,2,0,0,1,628,424,708,589,742,522,552,389,746,386,,,,,0,1
28,2,00:43:42,78605,78617,13,15,C,2,推撲球,1,1,628,424,2,961,549,705,586,710,512,550,397,747,393,,,,,0,1
28,3,00:43:43,78617,78653,13,15,A,3,平球,0,2,961,549,2,861,316,770,586,716,521,618,407,728,395,對手落地致勝,D,落地致勝,AB,0,1
29,1,00:44:04,79255,79271,14,15,B,1,發短球,1,2,0,0,2,711,431,728,582,683,524,674,374,793,388,,,,,0,1
29,2,00:44:05,79271,79286,14,15,D,2,小平球,0,2,711,431,2,709,539,734,575,693,493,669,368,786,394,,,,,0,1
29,3,00:44:05,79286,79305,14,15,A,2,小平球,1,2,709,539,2,884,376,749,566,675,478,667,368,729,410,,,,,0,1
29,4,00:44:06,79305,79325,14,15,C,2,小平球,0,2,884,376,2,983,495,757,588,724,505,748,364,690,415,,,,,0,1
29,5,00:44:06,79325,79338,14,15,B,2,小平球,1,2,983,495,1,906,391,805,591,873,517,740,357,722,399,,,,,0,1
29,6,00:44:07,79338,79348,14,15,D,2,小平球,1,1,906,391,2,945,492,796,584,957,488,755,351,770,386,,,,,0,1
29,7,00:44:07,79348,79368,14,15,B,2,小平球,0,2,945,492,2,849,364,840,596,950,502,765,369,863,400,,,,,0,1
29,8,00:44:08,79368,79390,14,15,C,2,小平球,0,2,849,364,1,841,521,849,590,893,508,725,359,806,415,,,,,0,1
29,9,00:44:08,79390,79410,14,15,A,2,平球,0,1,841,521,1,448,333,787,584,708,490,736,347,688,404,,,,,0,1
29,10,00:44:09,79410,79424,14,15,C,3,擋小球,1,1,448,333,2,330,332,689,587,672,504,629,348,702,390,未過網,C,對手未過網,AB,0,1
30,1,00:44:27,79936,79950,15,15,B,1,發短球,1,2,0,0,2,644,425,710,586,731,523,556,386,737,388,,,,,0,1
30,2,00:44:27,79950,79973,15,15,C,2,放小球,0,2,644,425,2,419,532,707,584,718,505,567,398,728,370,,,,,0,1
30,3,00:44:28,79973,79998,15,15,A,2,放小球,1,2,419,532,2,434,420,516,580,744,516,527,379,778,366,,,,,0,1
30,4,00:44:29,79998,80024,15,15,C,2,放小球,1,2,434,420,2,410,478,568,586,868,554,504,382,783,362,,,,,0,1
30,5,00:44:30,80024,80071,15,15,A,2,挑球,1,2,410,478,1,505,320,468,525,805,563,541,389,671,352,,,,,0,1
30,6,00:44:31,80071,80082,15,15,D,2,殺球,0,1,505,320,2,610,552,559,574,877,581,555,362,500,308,,,,,0,1
30,7,00:44:32,80082,80094,15,15,A,2,平球,1,2,610,552,1,757,375,608,570,881,584,560,367,509,322,,,,,0,1
30,8,00:44:32,80094,80105,15,15,D,2,平球,0,1,757,375,2,968,546,671,586,867,562,591,320,647,367,,,,,0,1
30,9,00:44:32,80105,80116,15,15,B,2,平球,0,2,968,546,1,867,390,703,591,893,566,738,384,618,332,,,,,0,1
30,10,00:44:33,80116,80141,15,15,C,2,擋小球,0,1,867,390,2,984,507,716,586,919,572,750,374,621,332,,,,,0,1
30,11,00:44:34,80141,80170,15,15,B,2,放小球,1,2,984,507,2,932,418,719,586,944,562,776,380,674,344,,,,,0,1
30,12,00:44:35,80170,80191,15,15,C,2,小平球,0,2,932,418,1,1043,531,754,591,858,507,800,389,675,356,,,,,0,1
30,13,00:44:35,80191,80201,15,15,A,2,平球,0,1,1043,531,1,732,384,964,571,799,485,815,381,627,359,,,,,0,1
30,14,00:44:36,80201,80213,15,15,C,2,平球,1,1,732,384,1,758,556,982,567,720,490,802,371,613,357,,,,,0,1
30,15,00:44:36,80213,80223,15,15,A,2,平球,1,1,758,556,1,710,398,866,574,664,514,786,378,630,364,,,,,0,1
30,16,00:44:36,80223,80234,15,15,C,2,平球,0,1,710,398,2,700,554,790,574,649,526,770,387,602,380,,,,,0,1
30,17,00:44:37,80234,80252,15,15,A,2,擋小球,1,2,700,554,2,740,423,749,578,638,528,746,376,575,389,,,,,0,1
30,18,00:44:37,80252,80268,15,15,D,2,小平球,1,2,740,423,1,628,556,748,604,639,532,753,371,595,395,,,,,0,1
30,19,00:44:38,80268,80278,15,15,A,2,平球,1,1,628,556,2,805,356,710,584,727,509,754,364,680,406,,,,,0,1
30,20,00:44:38,80278,80303,15,15,C,3,平球,0,2,805,356,2,942,447,592,566,732,496,689,356,670,400,掛網,C,對手掛網,AB,0,1
31,1,00:45:02,81007,81024,16,15,B,1,發短球,1,2,0,0,2,790,417,724,583,680,529,674,368,781,379,,,,,0,1
31,2,00:45:03,81024,81040,16,15,D,2,推撲球,1,2,790,417,1,564,565,719,585,704,499,663,366,793,392,,,,,0,1
31,3,00:45:04,81040,81055,16,15,A,2,切球,1,1,564,565,2,613,371,653,585,712,503,674,359,734,404,,,,,0,1
31,4,00:45:04,81055,81074,16,15,C,2,平球,1,2,613,371,1,880,574,567,578,664,506,632,358,758,398,,,,,0,1
31,5,00:45:05,81074,81101,16,15,A,2,切球,0,1,880,574,2,426,408,763,598,695,519,654,353,844,384,,,,,0,1
31,6,00:45:06,81101,81125,16,15,C,2,小平球,1,2,426,408,1,382,547,734,587,639,507,530,382,812,378,,,,,0,1
31,7,00:45:06,81125,81149,16,15,A,2,放小球,0,1,382,547,2,434,418,492,572,718,548,472,373,760,352,,,,,0,1
31,8,00:45:07,81149,81178,16,15,C,2,推撲球,1,2,434,418,1,902,601,429,566,730,543,517,380,716,360,,,,,0,1
31,9,00:45:08,81178,81191,16,15,A,2,殺球,0,1,902,601,2,760,357,773,609,767,532,587,365,813,366,,,,,0,1
31,10,00:45:09,81191,81219,16,15,D,3,擋小球,1,2,760,357,2,794,443,964,647,726,545,619,357,790,337,掛網,D,對手掛網,AB,0,1
32,1,00:48:35,87372,87386,17,15,B,1,發短球,1,2,0,0,2,676,423,708,580,734,522,558,387,740,382,,,,,0,1
32,2,00:48:35,87386,87406,17,15,C,2,放小球,0,2,676,423,2,452,545,705,581,705,504,557,395,742,384,,,,,0,1
32,3,00:48:36,87406,87423,17,15,A,2,放小球,1,2,452,545,2,656,425,560,585,741,517,504,385,742,373,,,,,0,1
32,4,00:48:37,87423,87445,17,15,C,2,放小球,0,2,656,425,2,385,522,566,602,763,535,536,393,762,362,,,,,0,1
32,5,00:48:37,87445,87483,17,15,A,2,挑球,1,2,385,522,1,760,327,512,571,679,502,526,394,700,353,,,,,0,1
32,6,00:48:39,87483,87510,17,15,D,3,殺球,0,1,760,327,2,776,440,572,584,931,586,622,351,766,318,掛網,D,對手掛網,AB,0,1
33,1,00:49:07,88325,88340,18,15,B,1,發短球,1,2,0,0,2,779,430,728,586,679,520,673,368,785,383,,,,,0,1
33,2,00:49:07,88340,88359,18,15,D,2,小平球,0,2,779,430,2,958,508,734,592,688,502,681,363,784,388,,,,,0,1
33,3,00:49:08,88359,88373,18,15,A,2,平球,0,2,958,508,2,896,364,847,568,722,509,706,362,775,412,,,,,0,1
33,4,00:49:08,88373,88391,18,15,C,2,平球,0,2,896,364,1,999,494,867,567,716,500,723,352,748,406,,,,,0,1
33,5,00:49:09,88391,88402,18,15,B,2,平球,1,1,999,494,2,842,354,903,583,833,514,780,357,690,390,,,,,0,1
33,6,00:49:09,88402,88423,18,15,C,2,平球,0,2,842,354,1,1087,576,869,570,938,499,741,352,662,381,,,,,0,1
33,7,00:49:10,88423,88444,18,15,A,2,擋小球,0,1,1087,576,2,983,440,875,577,896,514,802,358,598,366,,,,,0,1
33,8,00:49:11,88444,88463,18,15,C,2,放小球,0,2,983,440,2,997,479,958,591,806,522,889,395,632,360,,,,,0,1
33,9,00:49:11,88463,88485,18,15,B,2,平球,0,2,997,479,1,616,357,850,593,876,495,879,408,655,357,,,,,0,1
33,10,00:49:12,88485,88498,18,15,D,2,平球,0,1,616,357,2,889,505,752,583,950,484,782,385,633,341,,,,,0,1
33,11,00:49:12,88498,88519,18,15,B,2,擋小球,0,2,889,505,1,430,402,779,593,946,502,761,370,611,360,,,,,0,1
33,12,00:49:13,88519,88546,18,15,D,2,放小球,0,1,430,402,2,484,494,721,596,943,547,686,347,578,387,,,,,0,1
33,13,00:49:14,88546,88588,18,15,A,2,挑球,1,2,484,494,1,465,332,541,548,836,554,628,352,506,391,,,,,0,1
33,14,00:49:15,88588,88615,18,15,C,2,切球,0,1,465,332,2,640,492,512,593,859,587,452,324,586,368,,,,,0,1
33,15,00:49:16,88615,88658,18,15,A,2,挑球,0,2,640,492,1,458,322,570,546,858,550,530,328,638,389,,,,,0,1
33,16,00:49:18,88658,88679,18,15,C,2,切球,0,1,458,322,2,629,475,509,569,809,555,433,320,598,364,,,,,0,1
33,17,00:49:18,88679,88696,18,15,B,2,放小球,0,2,629,475,2,590,436,562,561,703,529,458,317,652,379,,,,,0,1
33,18,00:49:19,88696,88713,18,15,D,2,小平球,0,2,590,436,1,794,543,654,600,684,510,588,340,671,397,,,,,0,1
33,19,00:49:20,88713,88726,18,15,A,2,平球,0,1,794,543,2,512,356,727,580,666,489,649,335,610,408,,,,,0,1
33,20,00:49:20,88726,88744,18,15,C,2,平球,1,2,512,356,1,872,560,729,574,614,482,636,352,634,418,,,,,0,1
33,21,00:49:21,88744,88755,18,15,A,2,平球,0,1,872,560,1,852,383,679,578,482,520,620,357,742,398,,,,,0,1
33,22,00:49:21,88755,88783,18,15,D,3,平球,0,1,852,383,2,1230,609,747,566,481,549,650,352,769,370,出界,D,對手出界,AB,0,1
34,1,00:49:52,89687,89703,19,15,B,1,發短球,1,2,0,0,1,686,422,706,579,736,520,551,386,744,382,,,,,0,1
34,2,00:49:53,89703,89715,19,15,C,2,小平球,0,1,686,422,1,675,557,723,584,714,509,570,397,735,381,,,,,0,1
34,3,00:49:53,89715,89734,19,15,A,2,擋小球,1,1,675,557,2,859,402,711,588,648,518,575,403,758,370,,,,,0,1
34,4,00:49:54,89734,89750,19,15,D,2,平球,1,2,859,402,1,552,543,715,600,727,510,602,380,785,372,,,,,0,1
34,5,00:49:54,89750,89760,19,15,A,2,平球,0,1,552,543,2,750,387,642,583,755,512,616,356,814,374,,,,,0,1
34,6,00:49:54,89760,89773,19,15,D,2,平球,0,2,750,387,1,568,485,616,578,712,518,608,364,818,373,,,,,0,1
34,7,00:49:55,89773,89784,19,15,B,2,平球,0,1,568,485,2,703,361,602,574,664,517,632,356,824,374,,,,,0,1
34,8,00:49:55,89784,89803,19,15,C,2,防守回抽,1,2,703,361,1,888,582,607,586,662,518,649,360,850,365,,,,,0,1
34,9,00:49:56,89803,89816,19,15,A,2,殺球,0,1,888,582,2,764,352,747,584,736,526,674,354,876,357,,,,,0,1
34,10,00:49:56,89816,89833,19,15,C,2,防守回抽,0,2,764,352,1,1000,533,856,603,700,524,644,356,880,358,,,,,0,1
34,11,00:49:57,89833,89844,19,15,A,2,平球,0,1,1000,533,2,837,359,906,575,672,526,660,356,902,354,,,,,0,1
34,12,00:49:57,89844,89879,19,15,D,3,擋小球,1,2,837,359,2,564,437,942,560,668,526,665,350,890,344,掛網,D,對手掛網,AB,0,1
35,1,00:50:19,90505,90522,20,15,B,1,發短球,1,2,0,0,2,720,412,730,583,675,525,667,368,790,388,,,,,0,1
35,2,00:50:20,90522,90557,20,15,D,2,挑球,0,2,720,412,1,472,624,734,590,701,503,662,367,789,394,,,,,0,1
35,3,00:50:21,90557,90570,20,15,A,2,殺球,0,1,472,624,2,637,347,547,627,646,528,531,350,781,371,,,,,0,1
35,4,00:50:22,90570,90605,20,15,C,2,挑球,1,2,637,347,1,895,627,428,679,648,576,551,348,783,356,,,,,0,1
35,5,00:50:23,90605,90627,20,15,A,3,殺球,0,1,895,627,2,410,319,730,627,759,540,619,345,824,346,對手落地致勝,C,落地致勝,AB,0,1
36,1,00:50:46,91305,91319,21,15,B,1,發短球,1,2,0,0,2,636,424,706,588,738,529,546,390,734,390,,,,,0,1
36,2,00:50:47,91319,91337,21,15,C,2,小平球,1,2,636,424,2,1034,544,711,599,710,514,570,399,727,387,,,,,0,1
36,3,00:50:47,91337,91356,21,15,A,2,放小球,0,2,1034,544,2,923,404,835,576,724,510,590,389,781,366,,,,,0,1
36,4,00:50:48,91356,91383,21,15,D,2,勾球,1,2,923,404,2,434,520,833,579,724,514,640,367,837,383,,,,,0,1
36,5,00:50:49,91383,91408,21,15,A,2,挑球,1,2,434,520,1,470,328,561,563,811,520,653,356,688,406,,,,,0,1
36,6,00:50:49,91408,91420,21,15,D,2,殺球,0,1,470,328,2,654,560,550,590,870,577,518,327,485,387,,,,,0,1
36,7,00:50:50,91420,91438,21,15,A,2,防守回抽,0,2,654,560,1,563,344,572,594,882,590,457,334,528,391,,,,,0,1
36,8,00:50:50,91438,91455,21,15,C,2,切球,0,1,563,344,2,646,487,605,586,904,590,558,345,646,385,,,,,0,1
36,9,00:50:51,91455,91469,21,15,A,2,平球,0,2,646,487,1,553,361,568,532,836,554,589,352,686,388,,,,,0,1
36,10,00:50:52,91469,91483,21,15,C,2,擋小球,1,1,553,361,2,666,482,546,534,828,553,591,342,598,393,,,,,0,1
36,11,00:50:52,91483,91499,21,15,B,2,小平球,0,2,666,482,1,867,376,556,530,748,533,563,344,610,388,,,,,0,1
36,12,00:50:53,91499,91524,21,15,D,2,挑球,1,1,867,376,1,850,579,598,548,780,520,687,346,686,389,,,,,0,1
36,13,00:50:53,91524,91536,21,15,A,3,殺球,0,1,850,579,2,561,340,825,595,888,525,726,352,898,380,對手落地致勝,D,落地致勝,AB,0,1
